episode_id,timestamp,git_commit,superdex_commit,config_name,random_seed,gravity,robot,controller,fixture_true_pose,fixture_estimated_pose,initial_translation_error,initial_rotation_error,success,completion_time,final_alignment_error,insertion_depth,final_lateral_error,retry_count,termination_reason,peak_contact_force,integrated_contact_force,peak_contact_torque,collision_count,simulation_steps,wall_clock_runtime,real_time_factor,peak_control_effort,notes,trial_id
8ee5da26-8785-4cbc-92fb-c73ff6cc0209,2026-08-27T03:39:51.864942+00:00,30f35fd4ded86fa69b477365a018696c51bd08bb,1d7150946fa3f3d3fb09c2bff07eaa138cbfdee6,nominal_earth,0,9.81,fr3_v2_2f_85,straight_insert_oracle,"[0.30689048767089844, 4.992739832232473e-06, 0.3802819550037384, -2.221444845199585, 2.221433162689209, 6.0120687521703076e-06]","[0.30689048767089844, 4.992739832232473e-06, 0.3802819550037384, -2.221444845199585, 2.221433162689209, 6.0120687521703076e-06]",0.0,5.0058105216521653e-08,True,1.3849999999999925,0.030893107876181602,0.018096790698124195,0.0021292448825694353,0,success,0.0,,,0,277,0.44068432899985055,3.142839236292567,6.750331401824951,,A_nominal_earth.yaml_0
17621877-aa3f-415a-9c9c-f8b0dcfaedcf,2026-08-27T03:39:52.384862+00:00,30f35fd4ded86fa69b477365a018696c51bd08bb,1d7150946fa3f3d3fb09c2bff07eaa138cbfdee6,nominal_earth,1,9.81,fr3_v2_2f_85,straight_insert_oracle,"[0.30689048767089844, 4.992739832232473e-06, 0.3802819550037384, -2.221444845199585, 2.221433162689209, 6.0120687521703076e-06]","[0.30689048767089844, 4.992739832232473e-06, 0.3802819550037384, -2.221444845199585, 2.221433162689209, 6.0120687521703076e-06]",0.0,5.0058105216521653e-08,True,1.3849999999999925,0.030893107876181602,0.018096790698124195,0.0021292448825694353,0,success,0.0,,,0,277,0.4389587799998935,3.1551937519061095,6.750331401824951,,A_nominal_earth.yaml_1
8300e3ad-105e-4b85-8699-953137a72b59,2026-08-27T03:39:52.897915+00:00,30f35fd4ded86fa69b477365a018696c51bd08bb,1d7150946fa3f3d3fb09c2bff07eaa138cbfdee6,nominal_earth,2,9.81,fr3_v2_2f_85,straight_insert_oracle,"[0.30689048767089844, 4.992739832232473e-06, 0.3802819550037384, -2.221444845199585, 2.221433162689209, 6.0120687521703076e-06]","[0.30689048767089844, 4.992739832232473e-06, 0.3802819550037384, -2.221444845199585, 2.221433162689209, 6.0120687521703076e-06]",0.0,5.0058105216521653e-08,True,1.3849999999999925,0.030893107876181602,0.018096790698124195,0.0021292448825694353,0,success,0.0,,,0,277,0.43652284799986774,3.1728007052689535,6.750331401824951,,A_nominal_earth.yaml_2
993358a2-492d-4b89-8a23-805be29bb9fc,2026-08-27T03:39:53.415212+00:00,30f35fd4ded86fa69b477365a018696c51bd08bb,1d7150946fa3f3d3fb09c2bff07eaa138cbfdee6,nominal_earth,3,9.81,fr3_v2_2f_85,straight_insert_oracle,"[0.30689048767089844, 4.992739832232473e-06, 0.3802819550037384, -2.221444845199585, 2.221433162689209, 6.0120687521703076e-06]","[0.30689048767089844, 4.992739832232473e-06, 0.3802819550037384, -2.221444845199585, 2.221433162689209, 6.0120687521703076e-06]",0.0,5.0058105216521653e-08,True,1.3849999999999925,0.030893107876181602,0.018096790698124195,0.0021292448825694353,0,success,0.0,,,0,277,0.43894099100020867,3.1553216227174694,6.750331401824951,,A_nominal_earth.yaml_3
adda3093-baf7-44f5-8666-73534d26cb90,2026-08-27T03:39:53.931740+00:00,30f35fd4ded86fa69b477365a018696c51bd08bb,1d7150946fa3f3d3fb09c2bff07eaa138cbfdee6,nominal_earth,4,9.81,fr3_v2_2f_85,straight_insert_oracle,"[0.30689048767089844, 4.992739832232473e-06, 0.3802819550037384, -2.221444845199585, 2.221433162689209, 6.0120687521703076e-06]","[0.30689048767089844, 4.992739832232473e-06, 0.3802819550037384, -2.221444845199585, 2.221433162689209, 6.0120687521703076e-06]",0.0,5.0058105216521653e-08,True,1.3849999999999925,0.030893107876181602,0.018096790698124195,0.0021292448825694353,0,success,0.0,,,0,277,0.4399889850001273,3.1478060751897954,6.750331401824951,,A_nominal_earth.yaml_4
0447ceed-70f3-4012-bfb5-530e4e1ab3dd,2026-08-27T03:39:54.415070+00:00,30f35fd4ded86fa69b477365a018696c51bd08bb,1d7150946fa3f3d3fb09c2bff07eaa138cbfdee6,nominal_moon,0,1.62,fr3_v2_2f_85,straight_insert_oracle,"[0.30689048767089844, 4.992739832232473e-06, 0.3802819550037384, -2.221444845199585, 2.221433162689209, 6.0120687521703076e-06]","[0.30689048767089844, 4.992739832232473e-06, 0.3802819550037384, -2.221444845199585, 2.221433162689209, 6.0120687521703076e-06]",0.0,5.0058105216521653e-08,True,1.5699999999999885,0.030086267739534378,0.018069033516510583,0.0023212621604600213,0,success,0.0,,,0,314,0.4071973129998696,3.855624656345636,1.9605822563171387,,A_nominal_moon.yaml_0
a51e6bf5-4313-4576-848b-a4e20e872e06,2026-08-27T03:39:54.899621+00:00,30f35fd4ded86fa69b477365a018696c51bd08bb,1d7150946fa3f3d3fb09c2bff07eaa138cbfdee6,nominal_moon,1,1.62,fr3_v2_2f_85,straight_insert_oracle,"[0.30689048767089844, 4.992739832232473e-06, 0.3802819550037384, -2.221444845199585, 2.221433162689209, 6.0120687521703076e-06]","[0.30689048767089844, 4.992739832232473e-06, 0.3802819550037384, -2.221444845199585, 2.221433162689209, 6.0120687521703076e-06]",0.0,5.0058105216521653e-08,True,1.5699999999999885,0.030086267739534378,0.018069033516510583,0.0023212621604600213,0,success,0.0,,,0,314,0.4081194959999266,3.846912522895674,1.9605822563171387,,A_nominal_moon.yaml_1
3f5929ca-c4be-4197-821f-660e9cc81e59,2026-08-27T03:39:55.383094+00:00,30f35fd4ded86fa69b477365a018696c51bd08bb,1d7150946fa3f3d3fb09c2bff07eaa138cbfdee6,nominal_moon,2,1.62,fr3_v2_2f_85,straight_insert_oracle,"[0.30689048767089844, 4.992739832232473e-06, 0.3802819550037384, -2.221444845199585, 2.221433162689209, 6.0120687521703076e-06]","[0.30689048767089844, 4.992739832232473e-06, 0.3802819550037384, -2.221444845199585, 2.221433162689209, 6.0120687521703076e-06]",0.0,5.0058105216521653e-08,True,1.5699999999999885,0.030086267739534378,0.018069033516510583,0.0023212621604600213,0,success,0.0,,,0,314,0.4077516460001789,3.8503829853314677,1.9605822563171387,,A_nominal_moon.yaml_2
1c7a95f3-b170-4945-875c-887a16b4106b,2026-08-27T03:39:55.864461+00:00,30f35fd4ded86fa69b477365a018696c51bd08bb,1d7150946fa3f3d3fb09c2bff07eaa138cbfdee6,nominal_moon,3,1.62,fr3_v2_2f_85,straight_insert_oracle,"[0.30689048767089844, 4.992739832232473e-06, 0.3802819550037384, -2.221444845199585, 2.221433162689209, 6.0120687521703076e-06]","[0.30689048767089844, 4.992739832232473e-06, 0.3802819550037384, -2.221444845199585, 2.221433162689209, 6.0120687521703076e-06]",0.0,5.0058105216521653e-08,True,1.5699999999999885,0.030086267739534378,0.018069033516510583,0.0023212621604600213,0,success,0.0,,,0,314,0.40572205600005873,3.86964419799687,1.9605822563171387,,A_nominal_moon.yaml_3
1cadf567-fbd4-4a5d-92b6-9161e80eb553,2026-08-27T03:39:56.349663+00:00,30f35fd4ded86fa69b477365a018696c51bd08bb,1d7150946fa3f3d3fb09c2bff07eaa138cbfdee6,nominal_moon,4,1.62,fr3_v2_2f_85,straight_insert_oracle,"[0.30689048767089844, 4.992739832232473e-06, 0.3802819550037384, -2.221444845199585, 2.221433162689209, 6.0120687521703076e-06]","[0.30689048767089844, 4.992739832232473e-06, 0.3802819550037384, -2.221444845199585, 2.221433162689209, 6.0120687521703076e-06]",0.0,5.0058105216521653e-08,True,1.5699999999999885,0.030086267739534378,0.018069033516510583,0.0023212621604600213,0,success,0.0,,,0,314,0.4089993559998675,3.8386368510577733,1.9605822563171387,,A_nominal_moon.yaml_4
c3b346a5-2886-43b1-b2ba-2c20c9396bfd,2026-08-27T03:39:56.831954+00:00,30f35fd4ded86fa69b477365a018696c51bd08bb,1d7150946fa3f3d3fb09c2bff07eaa138cbfdee6,pose_uncertainty_small,0,1.62,fr3_v2_2f_85,straight_insert_uncertain,"[0.30689048767089844, 0.0020049926824867725, 0.3802819550037384, -2.221444845199585, 2.221433162689209, 6.0120687521703076e-06]","[0.30689048767089844, 4.992682534066262e-06, 0.3802819550037384, -2.221444845199585, 2.221433162689209, 6.0120687521703076e-06]",0.0019999999999527063,5.0058105216521653e-08,True,1.5699999999999885,0.030086267739534378,0.018069023169755304,0.0030170293546594533,0,success,0.0,,,0,314,0.4060960780000187,3.866080184108344,1.9605822563171387,,B_2mm_0
1d8701a9-cf08-4eff-8f04-37da2aba3d61,2026-08-27T03:39:57.315996+00:00,30f35fd4ded86fa69b477365a018696c51bd08bb,1d7150946fa3f3d3fb09c2bff07eaa138cbfdee6,pose_uncertainty_small,1,1.62,fr3_v2_2f_85,straight_insert_uncertain,"[0.30689048767089844, 0.0020049926824867725, 0.3802819550037384, -2.221444845199585, 2.221433162689209, 6.0120687521703076e-06]","[0.30689048767089844, 4.992682534066262e-06, 0.3802819550037384, -2.221444845199585, 2.221433162689209, 6.0120687521703076e-06]",0.0019999999999527063,5.0058105216521653e-08,True,1.5699999999999885,0.030086267739534378,0.018069023169755304,0.0030170293546594533,0,success,0.0,,,0,314,0.408299217999911,3.8452192186180745,1.9605822563171387,,B_2mm_1
5f661117-4fd8-4942-9d85-6b8c97fa1e44,2026-08-27T03:39:57.801227+00:00,30f35fd4ded86fa69b477365a018696c51bd08bb,1d7150946fa3f3d3fb09c2bff07eaa138cbfdee6,pose_uncertainty_small,2,1.62,fr3_v2_2f_85,straight_insert_uncertain,"[0.30689048767089844, 0.0020049926824867725, 0.3802819550037384, -2.221444845199585, 2.221433162689209, 6.0120687521703076e-06]","[0.30689048767089844, 4.992682534066262e-06, 0.3802819550037384, -2.221444845199585, 2.221433162689209, 6.0120687521703076e-06]",0.0019999999999527063,5.0058105216521653e-08,True,1.5699999999999885,0.030086267739534378,0.018069023169755304,0.0030170293546594533,0,success,0.0,,,0,314,0.40900526399991577,3.838581402708577,1.9605822563171387,,B_2mm_2
271c5b6b-8b73-4a19-b4f7-43ea3275dc98,2026-08-27T03:39:58.286435+00:00,30f35fd4ded86fa69b477365a018696c51bd08bb,1d7150946fa3f3d3fb09c2bff07eaa138cbfdee6,pose_uncertainty_small,3,1.62,fr3_v2_2f_85,straight_insert_uncertain,"[0.30689048767089844, 0.0020049926824867725, 0.3802819550037384, -2.221444845199585, 2.221433162689209, 6.0120687521703076e-06]","[0.30689048767089844, 4.992682534066262e-06, 0.3802819550037384, -2.221444845199585, 2.221433162689209, 6.0120687521703076e-06]",0.0019999999999527063,5.0058105216521653e-08,True,1.5699999999999885,0.030086267739534378,0.018069023169755304,0.0030170293546594533,0,success,0.0,,,0,314,0.4092552340000566,3.8362368262338986,1.9605822563171387,,B_2mm_3
3579f137-0f2d-460d-87fb-5522b98776ce,2026-08-27T03:39:58.773666+00:00,30f35fd4ded86fa69b477365a018696c51bd08bb,1d7150946fa3f3d3fb09c2bff07eaa138cbfdee6,pose_uncertainty_small,4,1.62,fr3_v2_2f_85,straight_insert_uncertain,"[0.30689048767089844, 0.0020049926824867725, 0.3802819550037384, -2.221444845199585, 2.221433162689209, 6.0120687521703076e-06]","[0.30689048767089844, 4.992682534066262e-06, 0.3802819550037384, -2.221444845199585, 2.221433162689209, 6.0120687521703076e-06]",0.0019999999999527063,5.0058105216521653e-08,True,1.5699999999999885,0.030086267739534378,0.018069023169755304,0.0030170293546594533,0,success,0.0,,,0,314,0.4109321790001559,3.8205817899682977,1.9605822563171387,,B_2mm_4
514ef69d-74e2-4e3e-aaff-c9d24d1fcbf4,2026-08-27T03:39:59.260771+00:00,30f35fd4ded86fa69b477365a018696c51bd08bb,1d7150946fa3f3d3fb09c2bff07eaa138cbfdee6,pose_uncertainty_medium,0,1.62,fr3_v2_2f_85,straight_insert_uncertain,"[0.30689048767089844, 0.005004992708563805, 0.3802819550037384, -2.221444845199585, 2.221433162689209, 6.0120687521703076e-06]","[0.30689048767089844, 4.992708454665262e-06, 0.3802819550037384, -2.221444845199585, 2.221433162689209, 6.0120687521703076e-06]",0.005000000000109139,5.0058105216521653e-08,False,1.5849999999999882,0.03013220988214016,0.018445738303706747,0.005445521409572272,0,timeout,0.0,,,0,317,0.41061762199979057,3.860038914746812,1.9605822563171387,,B_5mm_0
85bb0d2a-6247-48bf-a48a-0aa7a999a939,2026-08-27T03:39:59.754083+00:00,30f35fd4ded86fa69b477365a018696c51bd08bb,1d7150946fa3f3d3fb09c2bff07eaa138cbfdee6,pose_uncertainty_medium,1,1.62,fr3_v2_2f_85,straight_insert_uncertain,"[0.30689048767089844, 0.005004992708563805, 0.3802819550037384, -2.221444845199585, 2.221433162689209, 6.0120687521703076e-06]","[0.30689048767089844, 4.992708454665262e-06, 0.3802819550037384, -2.221444845199585, 2.221433162689209, 6.0120687521703076e-06]",0.005000000000109139,5.0058105216521653e-08,False,1.5849999999999882,0.03013220988214016,0.018445738303706747,0.005445521409572272,0,timeout,0.0,,,0,317,0.41727812399994946,3.7984258192269387,1.9605822563171387,,B_5mm_1
5e07a304-dfda-469d-9247-c91b90dc70a8,2026-08-27T03:40:00.242768+00:00,30f35fd4ded86fa69b477365a018696c51bd08bb,1d7150946fa3f3d3fb09c2bff07eaa138cbfdee6,pose_uncertainty_medium,2,1.62,fr3_v2_2f_85,straight_insert_uncertain,"[0.30689048767089844, 0.005004992708563805, 0.3802819550037384, -2.221444845199585, 2.221433162689209, 6.0120687521703076e-06]","[0.30689048767089844, 4.992708454665262e-06, 0.3802819550037384, -2.221444845199585, 2.221433162689209, 6.0120687521703076e-06]",0.005000000000109139,5.0058105216521653e-08,False,1.5849999999999882,0.03013220988214016,0.018445738303706747,0.005445521409572272,0,timeout,0.0,,,0,317,0.412563106999869,3.8418364926665425,1.9605822563171387,,B_5mm_2
ba2d219b-8cb9-46ca-a3cb-f215fda971fc,2026-08-27T03:40:00.731460+00:00,30f35fd4ded86fa69b477365a018696c51bd08bb,1d7150946fa3f3d3fb09c2bff07eaa138cbfdee6,pose_uncertainty_medium,3,1.62,fr3_v2_2f_85,straight_insert_uncertain,"[0.30689048767089844, 0.005004992708563805, 0.3802819550037384, -2.221444845199585, 2.221433162689209, 6.0120687521703076e-06]","[0.30689048767089844, 4.992708454665262e-06, 0.3802819550037384, -2.221444845199585, 2.221433162689209, 6.0120687521703076e-06]",0.005000000000109139,5.0058105216521653e-08,False,1.5849999999999882,0.03013220988214016,0.018445738303706747,0.005445521409572272,0,timeout,0.0,,,0,317,0.4129153110000061,3.838559524860934,1.9605822563171387,,B_5mm_3
a98f1785-e69e-4160-9072-90ab7b934317,2026-08-27T03:40:01.220360+00:00,30f35fd4ded86fa69b477365a018696c51bd08bb,1d7150946fa3f3d3fb09c2bff07eaa138cbfdee6,pose_uncertainty_medium,4,1.62,fr3_v2_2f_85,straight_insert_uncertain,"[0.30689048767089844, 0.005004992708563805, 0.3802819550037384, -2.221444845199585, 2.221433162689209, 6.0120687521703076e-06]","[0.30689048767089844, 4.992708454665262e-06, 0.3802819550037384, -2.221444845199585, 2.221433162689209, 6.0120687521703076e-06]",0.005000000000109139,5.0058105216521653e-08,False,1.5849999999999882,0.03013220988214016,0.018445738303706747,0.005445521409572272,0,timeout,0.0,,,0,317,0.4129966370001057,3.8378036477802664,1.9605822563171387,,B_5mm_4
7496a939-e353-4438-96ce-d7cdc3985bed,2026-08-27T03:40:01.711582+00:00,30f35fd4ded86fa69b477365a018696c51bd08bb,1d7150946fa3f3d3fb09c2bff07eaa138cbfdee6,pose_uncertainty_large,0,1.62,fr3_v2_2f_85,straight_insert_uncertain,"[0.30689048767089844, 0.010004992596805096, 0.3802819550037384, -2.221444845199585, 2.221433162689209, 6.0120687521703076e-06]","[0.30689048767089844, 4.992596586816944e-06, 0.3802819550037384, -2.221444845199585, 2.221433162689209, 6.0120687521703076e-06]",0.010000000000218279,5.0058105216521653e-08,False,1.5849999999999882,0.030107006430625916,0.018428890959755816,0.010193634859640935,0,misalignment,0.22506989104132827,0.007694147582186764,0.0040115611452958295,122,317,0.41515820500012524,3.817821690407179,1.9605822563171387,,B_10mm_0
3021f874-76d4-451c-a99f-d909d317f7ad,2026-08-27T03:40:02.201079+00:00,30f35fd4ded86fa69b477365a018696c51bd08bb,1d7150946fa3f3d3fb09c2bff07eaa138cbfdee6,pose_uncertainty_large,1,1.62,fr3_v2_2f_85,straight_insert_uncertain,"[0.30689048767089844, 0.010004992596805096, 0.3802819550037384, -2.221444845199585, 2.221433162689209, 6.0120687521703076e-06]","[0.30689048767089844, 4.992596586816944e-06, 0.3802819550037384, -2.221444845199585, 2.221433162689209, 6.0120687521703076e-06]",0.010000000000218279,5.0058105216521653e-08,False,1.5849999999999882,0.030107006430625916,0.018428890959755816,0.010193634859640935,0,misalignment,0.22506989104132827,0.007694147582186764,0.0040115611452958295,122,317,0.41389264200006437,3.829495475785099,1.9605822563171387,,B_10mm_1
3566a512-89eb-42b7-a8b8-4bb8f2d4a6f8,2026-08-27T03:40:02.689097+00:00,30f35fd4ded86fa69b477365a018696c51bd08bb,1d7150946fa3f3d3fb09c2bff07eaa138cbfdee6,pose_uncertainty_large,2,1.62,fr3_v2_2f_85,straight_insert_uncertain,"[0.30689048767089844, 0.010004992596805096, 0.3802819550037384, -2.221444845199585, 2.221433162689209, 6.0120687521703076e-06]","[0.30689048767089844, 4.992596586816944e-06, 0.3802819550037384, -2.221444845199585, 2.221433162689209, 6.0120687521703076e-06]",0.010000000000218279,5.0058105216521653e-08,False,1.5849999999999882,0.030107006430625916,0.018428890959755816,0.010193634859640935,0,misalignment,0.22506989104132827,0.007694147582186764,0.0040115611452958295,122,317,0.41184414400004243,3.8485432489233715,1.9605822563171387,,B_10mm_2
72494db0-401b-436d-ac95-b33521ea984e,2026-08-27T03:40:03.179165+00:00,30f35fd4ded86fa69b477365a018696c51bd08bb,1d7150946fa3f3d3fb09c2bff07eaa138cbfdee6,pose_uncertainty_large,3,1.62,fr3_v2_2f_85,straight_insert_uncertain,"[0.30689048767089844, 0.010004992596805096, 0.3802819550037384, -2.221444845199585, 2.221433162689209, 6.0120687521703076e-06]","[0.30689048767089844, 4.992596586816944e-06, 0.3802819550037384, -2.221444845199585, 2.221433162689209, 6.0120687521703076e-06]",0.010000000000218279,5.0058105216521653e-08,False,1.5849999999999882,0.030107006430625916,0.018428890959755816,0.010193634859640935,0,misalignment,0.22506989104132827,0.007694147582186764,0.0040115611452958295,122,317,0.41421383499982767,3.8265259778216913,1.9605822563171387,,B_10mm_3
b69ccd64-46a9-461f-aa75-65e8e7785464,2026-08-27T03:40:03.670657+00:00,30f35fd4ded86fa69b477365a018696c51bd08bb,1d7150946fa3f3d3fb09c2bff07eaa138cbfdee6,pose_uncertainty_large,4,1.62,fr3_v2_2f_85,straight_insert_uncertain,"[0.30689048767089844, 0.010004992596805096, 0.3802819550037384, -2.221444845199585, 2.221433162689209, 6.0120687521703076e-06]","[0.30689048767089844, 4.992596586816944e-06, 0.3802819550037384, -2.221444845199585, 2.221433162689209, 6.0120687521703076e-06]",0.010000000000218279,5.0058105216521653e-08,False,1.5849999999999882,0.030107006430625916,0.018428890959755816,0.010193634859640935,0,misalignment,0.22506989104132827,0.007694147582186764,0.0040115611452958295,122,317,0.41563037800005986,3.8134844898169593,1.9605822563171387,,B_10mm_4
2758ac37-ff52-4b29-81d5-31130d5d1795,2026-08-27T03:40:04.154709+00:00,30f35fd4ded86fa69b477365a018696c51bd08bb,1d7150946fa3f3d3fb09c2bff07eaa138cbfdee6,angular_uncertainty_small,0,1.62,fr3_v2_2f_85,straight_insert_uncertain,"[0.30689048767089844, 4.992739832232473e-06, 0.3802819550037384, 2.2126810550689697, -2.2126693725585938, -0.01931576430797577]","[0.30689048767089844, 4.992739832232473e-06, 0.3802819550037384, -2.221444845199585, 2.22143292427063, 6.011463028698927e-06]",0.0,0.01745329238474369,True,1.5699999999999885,0.012850288301706314,0.018101022718598554,0.0019842324564743464,0,success,0.0,,,0,314,0.40806149700006245,3.847459296067201,1.961923360824585,,C_1deg_0
b9a43ce1-3d24-481e-9447-2be8d55fbecb,2026-08-27T03:40:04.637333+00:00,30f35fd4ded86fa69b477365a018696c51bd08bb,1d7150946fa3f3d3fb09c2bff07eaa138cbfdee6,angular_uncertainty_small,1,1.62,fr3_v2_2f_85,straight_insert_uncertain,"[0.30689048767089844, 4.992739832232473e-06, 0.3802819550037384, 2.2126810550689697, -2.2126693725585938, -0.01931576430797577]","[0.30689048767089844, 4.992739832232473e-06, 0.3802819550037384, -2.221444845199585, 2.22143292427063, 6.011463028698927e-06]",0.0,0.01745329238474369,True,1.5699999999999885,0.012850288301706314,0.018101022718598554,0.0019842324564743464,0,success,0.0,,,0,314,0.4068722810000054,3.8587047417957865,1.961923360824585,,C_1deg_1
b12be202-5540-49a6-a366-f36489289c99,2026-08-27T03:40:05.121462+00:00,30f35fd4ded86fa69b477365a018696c51bd08bb,1d7150946fa3f3d3fb09c2bff07eaa138cbfdee6,angular_uncertainty_small,2,1.62,fr3_v2_2f_85,straight_insert_uncertain,"[0.30689048767089844, 4.992739832232473e-06, 0.3802819550037384, 2.2126810550689697, -2.2126693725585938, -0.01931576430797577]","[0.30689048767089844, 4.992739832232473e-06, 0.3802819550037384, -2.221444845199585, 2.22143292427063, 6.011463028698927e-06]",0.0,0.01745329238474369,True,1.5699999999999885,0.012850288301706314,0.018101022718598554,0.0019842324564743464,0,success,0.0,,,0,314,0.40815304400007335,3.8465963272338266,1.961923360824585,,C_1deg_2
3a0b5f26-d4a3-4120-b21c-b91700bdf3eb,2026-08-27T03:40:05.604977+00:00,30f35fd4ded86fa69b477365a018696c51bd08bb,1d7150946fa3f3d3fb09c2bff07eaa138cbfdee6,angular_uncertainty_small,3,1.62,fr3_v2_2f_85,straight_insert_uncertain,"[0.30689048767089844, 4.992739832232473e-06, 0.3802819550037384, 2.2126810550689697, -2.2126693725585938, -0.01931576430797577]","[0.30689048767089844, 4.992739832232473e-06, 0.3802819550037384, -2.221444845199585, 2.22143292427063, 6.011463028698927e-06]",0.0,0.01745329238474369,True,1.5699999999999885,0.012850288301706314,0.018101022718598554,0.0019842324564743464,0,success,0.0,,,0,314,0.4075879750000695,3.851929144866751,1.961923360824585,,C_1deg_3
725d3a17-28f5-4079-8e2c-e63476c5e803,2026-08-27T03:40:06.088607+00:00,30f35fd4ded86fa69b477365a018696c51bd08bb,1d7150946fa3f3d3fb09c2bff07eaa138cbfdee6,angular_uncertainty_small,4,1.62,fr3_v2_2f_85,straight_insert_uncertain,"[0.30689048767089844, 4.992739832232473e-06, 0.3802819550037384, 2.2126810550689697, -2.2126693725585938, -0.01931576430797577]","[0.30689048767089844, 4.992739832232473e-06, 0.3802819550037384, -2.221444845199585, 2.22143292427063, 6.011463028698927e-06]",0.0,0.01745329238474369,True,1.5699999999999885,0.012850288301706314,0.018101022718598554,0.0019842324564743464,0,success,0.0,,,0,314,0.40774640599988743,3.8504324670869616,1.961923360824585,,C_1deg_4
f8dedba1-0591-4d10-a9a1-cc19b53324cb,2026-08-27T03:40:06.569318+00:00,30f35fd4ded86fa69b477365a018696c51bd08bb,1d7150946fa3f3d3fb09c2bff07eaa138cbfdee6,angular_uncertainty_medium,0,1.62,fr3_v2_2f_85,straight_insert_uncertain,"[0.30689048767089844, 4.992739832232473e-06, 0.3802819550037384, 2.194894790649414, -2.1948835849761963, -0.05748128890991211]","[0.30689048767089844, 4.992739832232473e-06, 0.3802819550037384, -2.221444845199585, 2.221433162689209, 6.009862772771157e-06]",0.0,0.05235988646745682,True,1.5649999999999886,0.022357458248734474,0.018041924286504762,0.001386611094451524,0,success,0.0,,,0,313,0.40467994999994517,3.8672536160988473,1.97068190574646,,C_3deg_0
2b8db6cb-a7f0-4ac9-b76a-18b353966d62,2026-08-27T03:40:07.047791+00:00,30f35fd4ded86fa69b477365a018696c51bd08bb,1d7150946fa3f3d3fb09c2bff07eaa138cbfdee6,angular_uncertainty_medium,1,1.62,fr3_v2_2f_85,straight_insert_uncertain,"[0.30689048767089844, 4.992739832232473e-06, 0.3802819550037384, 2.194894790649414, -2.1948835849761963, -0.05748128890991211]","[0.30689048767089844, 4.992739832232473e-06, 0.3802819550037384, -2.221444845199585, 2.221433162689209, 6.009862772771157e-06]",0.0,0.05235988646745682,True,1.5649999999999886,0.022357458248734474,0.018041924286504762,0.001386611094451524,0,success,0.0,,,0,313,0.40278573500017956,3.8854404811513272,1.97068190574646,,C_3deg_1
5f38fc70-60c4-4340-95b5-2bad4dbfe306,2026-08-27T03:40:07.529762+00:00,30f35fd4ded86fa69b477365a018696c51bd08bb,1d7150946fa3f3d3fb09c2bff07eaa138cbfdee6,angular_uncertainty_medium,2,1.62,fr3_v2_2f_85,straight_insert_uncertain,"[0.30689048767089844, 4.992739832232473e-06, 0.3802819550037384, 2.194894790649414, -2.1948835849761963, -0.05748128890991211]","[0.30689048767089844, 4.992739832232473e-06, 0.3802819550037384, -2.221444845199585, 2.221433162689209, 6.009862772771157e-06]",0.0,0.05235988646745682,True,1.5649999999999886,0.022357458248734474,0.018041924286504762,0.001386611094451524,0,success,0.0,,,0,313,0.40606515500007845,3.854061302058007,1.97068190574646,,C_3deg_2
e7df86fb-ad1e-43d2-bd43-5635358fc06b,2026-08-27T03:40:08.009350+00:00,30f35fd4ded86fa69b477365a018696c51bd08bb,1d7150946fa3f3d3fb09c2bff07eaa138cbfdee6,angular_uncertainty_medium,3,1.62,fr3_v2_2f_85,straight_insert_uncertain,"[0.30689048767089844, 4.992739832232473e-06, 0.3802819550037384, 2.194894790649414, -2.1948835849761963, -0.05748128890991211]","[0.30689048767089844, 4.992739832232473e-06, 0.3802819550037384, -2.221444845199585, 2.221433162689209, 6.009862772771157e-06]",0.0,0.05235988646745682,True,1.5649999999999886,0.022357458248734474,0.018041924286504762,0.001386611094451524,0,success,0.0,,,0,313,0.4038683039998432,3.8750255578377755,1.97068190574646,,C_3deg_3
1f40956a-5e8e-4801-94e5-c846468b1d7c,2026-08-27T03:40:08.487653+00:00,30f35fd4ded86fa69b477365a018696c51bd08bb,1d7150946fa3f3d3fb09c2bff07eaa138cbfdee6,angular_uncertainty_medium,4,1.62,fr3_v2_2f_85,straight_insert_uncertain,"[0.30689048767089844, 4.992739832232473e-06, 0.3802819550037384, 2.194894790649414, -2.1948835849761963, -0.05748128890991211]","[0.30689048767089844, 4.992739832232473e-06, 0.3802819550037384, -2.221444845199585, 2.221433162689209, 6.009862772771157e-06]",0.0,0.05235988646745682,True,1.5649999999999886,0.022357458248734474,0.018041924286504762,0.001386611094451524,0,success,0.0,,,0,313,0.4024613850001515,3.8885718191309198,1.97068190574646,,C_3deg_4
4097a843-02f7-4708-b251-25ffb16f85bc,2026-08-27T03:40:08.971489+00:00,30f35fd4ded86fa69b477365a018696c51bd08bb,1d7150946fa3f3d3fb09c2bff07eaa138cbfdee6,angular_uncertainty_large,0,1.62,fr3_v2_2f_85,straight_insert_uncertain,"[0.30689048767089844, 4.992739832232473e-06, 0.3802819550037384, 2.176785945892334, -2.176774740219116, -0.09504641592502594]","[0.30689048767089844, 4.992739832232473e-06, 0.3802819550037384, -2.221445083618164, 2.221433162689209, 6.00826342633809e-06]",0.0,0.0872664526104927,True,1.5649999999999886,0.05717206746339798,0.018072793625512208,0.0007531231583008763,0,success,0.0,,,0,313,0.40763770200010185,3.839193461059197,1.953429937362671,,C_5deg_0
ac12a78d-c11c-4d4b-a4cc-ebceae7c5699,2026-08-27T03:40:09.453409+00:00,30f35fd4ded86fa69b477365a018696c51bd08bb,1d7150946fa3f3d3fb09c2bff07eaa138cbfdee6,angular_uncertainty_large,1,1.62,fr3_v2_2f_85,straight_insert_uncertain,"[0.30689048767089844, 4.992739832232473e-06, 0.3802819550037384, 2.176785945892334, -2.176774740219116, -0.09504641592502594]","[0.30689048767089844, 4.992739832232473e-06, 0.3802819550037384, -2.221445083618164, 2.221433162689209, 6.00826342633809e-06]",0.0,0.0872664526104927,True,1.5649999999999886,0.05717206746339798,0.018072793625512208,0.0007531231583008763,0,success,0.0,,,0,313,0.40634710300014376,3.8513871230907606,1.953429937362671,,C_5deg_1
6d77fc02-b76d-493e-b216-91af670bb12e,2026-08-27T03:40:09.935426+00:00,30f35fd4ded86fa69b477365a018696c51bd08bb,1d7150946fa3f3d3fb09c2bff07eaa138cbfdee6,angular_uncertainty_large,2,1.62,fr3_v2_2f_85,straight_insert_uncertain,"[0.30689048767089844, 4.992739832232473e-06, 0.3802819550037384, 2.176785945892334, -2.176774740219116, -0.09504641592502594]","[0.30689048767089844, 4.992739832232473e-06, 0.3802819550037384, -2.221445083618164, 2.221433162689209, 6.00826342633809e-06]",0.0,0.0872664526104927,True,1.5649999999999886,0.05717206746339798,0.018072793625512208,0.0007531231583008763,0,success,0.0,,,0,313,0.4059497339999325,3.8551571017909545,1.953429937362671,,C_5deg_2
d5bd89c3-d6b5-42bb-b4bf-69dfed8c88d1,2026-08-27T03:40:10.417960+00:00,30f35fd4ded86fa69b477365a018696c51bd08bb,1d7150946fa3f3d3fb09c2bff07eaa138cbfdee6,angular_uncertainty_large,3,1.62,fr3_v2_2f_85,straight_insert_uncertain,"[0.30689048767089844, 4.992739832232473e-06, 0.3802819550037384, 2.176785945892334, -2.176774740219116, -0.09504641592502594]","[0.30689048767089844, 4.992739832232473e-06, 0.3802819550037384, -2.221445083618164, 2.221433162689209, 6.00826342633809e-06]",0.0,0.0872664526104927,True,1.5649999999999886,0.05717206746339798,0.018072793625512208,0.0007531231583008763,0,success,0.0,,,0,313,0.40679590699983237,3.8471380195097034,1.953429937362671,,C_5deg_3
5119f5f5-89ec-4bfd-b8d8-2f2b1c90dee4,2026-08-27T03:40:10.902383+00:00,30f35fd4ded86fa69b477365a018696c51bd08bb,1d7150946fa3f3d3fb09c2bff07eaa138cbfdee6,angular_uncertainty_large,4,1.62,fr3_v2_2f_85,straight_insert_uncertain,"[0.30689048767089844, 4.992739832232473e-06, 0.3802819550037384, 2.176785945892334, -2.176774740219116, -0.09504641592502594]","[0.30689048767089844, 4.992739832232473e-06, 0.3802819550037384, -2.221445083618164, 2.221433162689209, 6.00826342633809e-06]",0.0,0.0872664526104927,True,1.5649999999999886,0.05717206746339798,0.018072793625512208,0.0007531231583008763,0,success,0.0,,,0,313,0.40683258299986846,3.8467911996136617,1.953429937362671,,C_5deg_4
0caf7470-8825-474d-a3c4-824a804b3f93,2026-08-27T03:40:11.389774+00:00,30f35fd4ded86fa69b477365a018696c51bd08bb,1d7150946fa3f3d3fb09c2bff07eaa138cbfdee6,combined_uncertainty,0,1.62,fr3_v2_2f_85,straight_insert_uncertain,"[0.3073934018611908, -0.0005234266864135861, 0.38284364342689514, -2.2241289615631104, 2.1961450576782227, -0.016455266624689102]","[0.3073934018611908, -0.0005234266864135861, 0.38284364342689514, -2.2241289615631104, 2.1961450576782227, -0.016455266624689102]",0.0,1.7689192333136816e-08,True,1.6049999999999878,0.03752727061510086,0.01807496376089931,0.0020055062535681237,0,success,0.0,,,0,321,0.41016223800011176,3.91308572877338,3.473201036453247,,D_combined_0
febc9e9d-936c-41c5-b108-5e3c3ec4fbdb,2026-08-27T03:40:11.784438+00:00,30f35fd4ded86fa69b477365a018696c51bd08bb,1d7150946fa3f3d3fb09c2bff07eaa138cbfdee6,combined_uncertainty,1,1.62,fr3_v2_2f_85,straight_insert_uncertain,"[0.3082728385925293, 0.0032914653420448303, 0.3816037178039551, 2.2006537914276123, -2.16506028175354, 0.01581062562763691]","[0.3082728385925293, 0.0032914653420448303, 0.3816037178039551, 2.2006537914276123, -2.16506028175354, 0.01581062562763691]",0.0,2.2252725884186475e-08,False,1.6699999999999864,0.03317185118794441,0.018589420936622386,0.004968915357438465,0,misalignment,0.1133491447970264,0.004577389821610134,0.0023147003266521353,336,334,0.31599909000010484,5.284825345539547,5.884088039398193,,D_combined_1
4a45e0fe-6a09-4221-b261-f3f4f06b8560,2026-08-27T03:40:12.124462+00:00,30f35fd4ded86fa69b477365a018696c51bd08bb,1d7150946fa3f3d3fb09c2bff07eaa138cbfdee6,combined_uncertainty,2,1.62,fr3_v2_2f_85,straight_insert_uncertain,"[0.3076466917991638, -0.002086000982671976, 0.3786297142505646, 2.192885398864746, -2.101353883743286, 0.027252933010458946]","[0.3076466917991638, -0.002086000982671976, 0.3786297142505646, 2.192885398864746, -2.101353883743286, 0.027252933010458946]",0.0,1.4117146562853122e-08,False,1.6499999999999868,0.03283126652240753,0.018164908228365046,0.005519495355470439,0,misalignment,0.31367702565337163,0.010154867471842941,0.006254737052680416,385,330,0.26365946600003554,6.258072296936854,10.255578994750977,,D_combined_2
142a9ef8-fb70-475b-ac33-fbb6108a8fe9,2026-08-27T03:40:12.634332+00:00,30f35fd4ded86fa69b477365a018696c51bd08bb,1d7150946fa3f3d3fb09c2bff07eaa138cbfdee6,combined_uncertainty,3,1.62,fr3_v2_2f_85,straight_insert_uncertain,"[0.31505417823791504, -0.010217667557299137, 0.3819543421268463, 2.2106571197509766, -2.227693796157837, 0.03950110450387001]","[0.31505417823791504, -0.010217667557299137, 0.3819543421268463, 2.2106571197509766, -2.227693796157837, 0.03950110450387001]",0.0,2.5048663587767805e-08,False,1.729999999999985,0.025987442582845688,0.01853582915781821,0.00584828423811541,0,misalignment,0.721762341696935,0.021967528392367583,0.013992263219457037,449,346,0.4342251479999959,3.9841082626564077,2.9392709732055664,,D_combined_3
a990a89d-80d4-474c-b4de-75fc561b2823,2026-08-27T03:40:13.067365+00:00,30f35fd4ded86fa69b477365a018696c51bd08bb,1d7150946fa3f3d3fb09c2bff07eaa138cbfdee6,combined_uncertainty,4,1.62,fr3_v2_2f_85,straight_insert_uncertain,"[0.3042833209037781, -0.0006938764126971364, 0.38693684339523315, -2.1816604137420654, 2.1806066036224365, -0.03741050884127617]","[0.3042833209037781, -0.0006938764126971364, 0.38693684339523315, -2.1816604137420654, 2.1806066036224365, -0.03741050884127617]",0.0,2.3883298894133986e-08,True,1.6799999999999862,0.0384029857814312,0.018029337038788295,0.0024593734529976268,0,success,0.0,,,0,336,0.3569637379998767,4.70636039787483,7.044246673583984,,D_combined_4
2b1534f9-12fd-4221-a334-d90587ce8970,2026-08-27T03:40:13.486772+00:00,30f35fd4ded86fa69b477365a018696c51bd08bb,1d7150946fa3f3d3fb09c2bff07eaa138cbfdee6,combined_uncertainty,5,1.62,fr3_v2_2f_85,straight_insert_uncertain,"[0.30368277430534363, -0.0052924430929124355, 0.3792884945869446, 2.212405204772949, -2.2045791149139404, -0.059954941272735596]","[0.30368277430534363, -0.0052924430929124355, 0.3792884945869446, 2.212405204772949, -2.2045791149139404, -0.059954941272735596]",0.0,8.782526705886085e-09,True,1.639999999999987,0.02827513962984085,0.018073467784311178,0.0032009617056522974,0,success,2.0272180516591863e-07,1.4751699675868609e-09,4.745919181744826e-09,24,328,0.3433752570001616,4.776115828285249,4.555862903594971,,D_combined_5
bc036895-6bba-463d-9c15-951ca5049ce0,2026-08-27T03:40:13.952420+00:00,30f35fd4ded86fa69b477365a018696c51bd08bb,1d7150946fa3f3d3fb09c2bff07eaa138cbfdee6,combined_uncertainty,6,1.62,fr3_v2_2f_85,straight_insert_uncertain,"[0.311102956533432, 0.007110957987606525, 0.3700687885284424, 2.252286195755005, -2.148219347000122, -0.03259669244289398]","[0.311102956533432, 0.007110957987606525, 0.3700687885284424, 2.252286195755005, -2.148219347000122, -0.03259669244289398]",0.0,1.9078761681612377e-08,True,1.7449999999999848,0.03478968143463135,0.018108770932712095,0.0026089076196730253,0,success,0.0,,,0,349,0.3893219629999294,4.482151447490522,4.382235527038574,,D_combined_6
72e33744-40b4-445f-b8bf-ab9a1f8a11bd,2026-08-27T03:40:14.353044+00:00,30f35fd4ded86fa69b477365a018696c51bd08bb,1d7150946fa3f3d3fb09c2bff07eaa138cbfdee6,combined_uncertainty,7,1.62,fr3_v2_2f_85,straight_insert_uncertain,"[0.3068954050540924, 0.001199974911287427, 0.37918540835380554, 2.1742238998413086, -2.251361846923828, 0.051660604774951935]","[0.3068954050540924, 0.001199974911287427, 0.37918540835380554, 2.1742238998413086, -2.251361846923828, 0.051660604774951935]",0.0,2.9338870888295787e-08,True,1.6149999999999876,0.04529290646314621,0.01808121214844745,0.003319682867201113,0,success,2.452895916191931e-05,2.854159887594018e-07,5.051338571580088e-07,105,323,0.32455451000009816,4.9760516345913635,4.006457328796387,,D_combined_7
b14ac7a8-e876-4a36-abf3-e024c17d6942,2026-08-27T03:40:14.876743+00:00,30f35fd4ded86fa69b477365a018696c51bd08bb,1d7150946fa3f3d3fb09c2bff07eaa138cbfdee6,combined_uncertainty,8,1.62,fr3_v2_2f_85,straight_insert_uncertain,"[0.2999374270439148, -0.005341578274965286, 0.3748375177383423, -2.1784255504608154, 2.1939122676849365, -0.10194409638643265]","[0.2999374270439148, -0.005341578274965286, 0.3748375177383423, -2.1784255504608154, 2.1939122676849365, -0.10194409638643265]",0.0,2.4364210204907977e-08,False,1.7499999999999847,0.028257375583052635,0.018632475458529023,0.005136699509886855,0,misalignment,0.2846580885115243,0.006691193695454202,0.005838054128670602,375,350,0.44755916199983403,3.9100975883957743,6.113588809967041,,D_combined_8
73831286-8ad7-49aa-a043-c3ea1f141b95,2026-08-27T03:40:15.331812+00:00,30f35fd4ded86fa69b477365a018696c51bd08bb,1d7150946fa3f3d3fb09c2bff07eaa138cbfdee6,combined_uncertainty,9,1.62,fr3_v2_2f_85,straight_insert_uncertain,"[0.30367913842201233, 0.0009763923590071499, 0.37365657091140747, 2.194586753845215, -2.230544090270996, -0.06965451687574387]","[0.30367913842201233, 0.0009763923590071499, 0.37365657091140747, 2.194586753845215, -2.230544090270996, -0.06965451687574387]",0.0,2.806222099138722e-08,False,1.6699999999999864,0.030211515724658966,0.018679805527272827,0.004229503974856025,0,misalignment,9.50314423755109e-08,6.561598193619327e-10,2.06442933635435e-09,20,334,0.3790393540000423,4.4058749635791115,4.693772315979004,,D_combined_9
542f120b-47cb-4393-b6b2-06e2f7e4a04b,2026-08-27T03:40:15.796304+00:00,30f35fd4ded86fa69b477365a018696c51bd08bb,1d7150946fa3f3d3fb09c2bff07eaa138cbfdee6,combined_uncertainty,10,1.62,fr3_v2_2f_85,straight_insert_uncertain,"[0.3024771213531494, -0.0028951058629900217, 0.37715473771095276, -2.2173707485198975, 2.2075014114379883, 0.0007602224359288812]","[0.3024771213531494, -0.0028951058629900217, 0.37715473771095276, -2.2173707485198975, 2.2075014114379883, 0.0007602224359288812]",0.0,1.703387297879999e-08,True,1.6549999999999867,0.03665151074528694,0.01807154727783849,0.0020684764676815797,0,success,0.0,,,0,331,0.3882168239999828,4.263081602048396,3.246366024017334,,D_combined_10
ee293df8-512f-4471-98fa-357bc7ca3a45,2026-08-27T03:40:16.207220+00:00,30f35fd4ded86fa69b477365a018696c51bd08bb,1d7150946fa3f3d3fb09c2bff07eaa138cbfdee6,combined_uncertainty,11,1.62,fr3_v2_2f_85,straight_insert_uncertain,"[0.30702725052833557, 0.005443982779979706, 0.38518083095550537, 2.1968960762023926, -2.2379114627838135, 0.031200125813484192]","[0.30702725052833557, 0.005443982779979706, 0.38518083095550537, 2.1968960762023926, -2.2379114627838135, 0.031200125813484192]",0.0,5.984752249332814e-09,True,1.6749999999999863,0.04092354699969292,0.018022112652994863,0.0021599720323276454,0,success,0.0,,,0,335,0.3351792960002058,4.997325371788351,4.753519535064697,,D_combined_11
850229ca-850b-41d7-a404-0d954ab90aed,2026-08-27T03:40:16.654970+00:00,30f35fd4ded86fa69b477365a018696c51bd08bb,1d7150946fa3f3d3fb09c2bff07eaa138cbfdee6,combined_uncertainty,12,1.62,fr3_v2_2f_85,straight_insert_uncertain,"[0.3068631887435913, 0.0041895657777786255, 0.38324829936027527, 2.1580591201782227, -2.252438545227051, -0.09091886878013611]","[0.3068631887435913, 0.0041895657777786255, 0.38324829936027527, 2.1580591201782227, -2.252438545227051, -0.09091886878013611]",0.0,1.996864007480781e-09,False,1.644999999999987,0.03650592640042305,0.018432574205837368,0.005036559778456382,0,timeout,0.0,,,0,329,0.3713999930000682,4.429186944006444,4.937345504760742,,D_combined_12
0740087b-3857-4c4d-9e82-cad4ffa9ff4f,2026-08-27T03:40:17.162037+00:00,30f35fd4ded86fa69b477365a018696c51bd08bb,1d7150946fa3f3d3fb09c2bff07eaa138cbfdee6,combined_uncertainty,13,1.62,fr3_v2_2f_85,straight_insert_uncertain,"[0.31419751048088074, -0.012308334931731224, 0.38411420583724976, 2.2138671875, -2.1843760013580322, -0.05296218395233154]","[0.31419751048088074, -0.012308334931731224, 0.38411420583724976, 2.2138671875, -2.1843760013580322, -0.05296218395233154]",0.0,7.863619977399594e-09,False,1.7899999999999838,0.03555483743548393,0.01842145768727033,0.005584449620205638,0,misalignment,0.7346156726098229,0.027446556971444307,0.014669641719514612,419,358,0.4314412649998758,4.148884553267058,4.497226715087891,,D_combined_13
9e43ee93-84c9-44a8-948a-e911efddcfc8,2026-08-27T03:40:17.555249+00:00,30f35fd4ded86fa69b477365a018696c51bd08bb,1d7150946fa3f3d3fb09c2bff07eaa138cbfdee6,combined_uncertainty,14,1.62,fr3_v2_2f_85,straight_insert_uncertain,"[0.3096725642681122, -0.00391290383413434, 0.37398800253868103, 2.2221760749816895, -2.128779649734497, 0.12668919563293457]","[0.3096725642681122, -0.00391290383413434, 0.37398800253868103, 2.2221760749816895, -2.128779649734497, 0.12668919563293457]",0.0,1.1251569453918364e-08,False,1.6699999999999864,0.03856820985674858,0.018129734623268882,0.005475894150588155,0,misalignment,0.4991324493358345,0.025676157579289136,0.011009975652012045,402,334,0.31734347800011165,5.262436809870089,7.593585014343262,,D_combined_14
0615d1c1-16de-4960-b12f-3d13892e4f13,2026-08-27T03:40:18.029704+00:00,30f35fd4ded86fa69b477365a018696c51bd08bb,1d7150946fa3f3d3fb09c2bff07eaa138cbfdee6,combined_uncertainty,15,1.62,fr3_v2_2f_85,straight_insert_uncertain,"[0.30116698145866394, -0.003741198219358921, 0.3818577229976654, 2.2341363430023193, -2.171670913696289, 0.0005037712398916483]","[0.30116698145866394, -0.003741198219358921, 0.3818577229976654, 2.2341363430023193, -2.171670913696289, 0.0005037712398916483]",0.0,1.5716804524501526e-09,True,1.644999999999987,0.04001510143280029,0.018019919197845062,0.003961916392526694,0,success,0.0067344154166575085,8.162945065826354e-05,0.00013914811548439284,222,329,0.39832195500002854,4.12982508081903,2.445146083831787,,D_combined_15
af2a0e98-c7d9-42d4-8734-76bf5f9f5c8c,2026-08-27T03:40:18.449154+00:00,30f35fd4ded86fa69b477365a018696c51bd08bb,1d7150946fa3f3d3fb09c2bff07eaa138cbfdee6,combined_uncertainty,16,1.62,fr3_v2_2f_85,straight_insert_uncertain,"[0.3045116066932678, 0.002528126584365964, 0.3844393789768219, 2.1905267238616943, -2.222705841064453, -0.109951913356781]","[0.3045116066932678, 0.002528126584365964, 0.3844393789768219, 2.1905267238616943, -2.222705841064453, -0.109951913356781]",0.0,1.8175107641127397e-08,False,1.6349999999999871,0.03216075897216797,0.018431669508168647,0.005083414564728546,0,misalignment,8.621186402645684e-16,4.310593201322842e-18,1.794392171576509e-17,3,327,0.34367234199999075,4.757438409169485,5.384618759155273,,D_combined_16
c95f6ee7-13cc-4771-9e9e-1e7dc20224ee,2026-08-27T03:40:18.830924+00:00,30f35fd4ded86fa69b477365a018696c51bd08bb,1d7150946fa3f3d3fb09c2bff07eaa138cbfdee6,combined_uncertainty,17,1.62,fr3_v2_2f_85,straight_insert_uncertain,"[0.3112955391407013, 0.0013587177963927388, 0.3781220614910126, -2.207792282104492, 2.2095580101013184, -0.1216362714767456]","[0.3112955391407013, 0.0013587177963927388, 0.3781220614910126, -2.207792282104492, 2.2095580101013184, -0.1216362714767456]",0.0,2.277073996026502e-08,False,1.639999999999987,0.04410974681377411,0.018549526371080944,0.004258941680188449,0,misalignment,0.05910953239998751,0.001709442995620987,0.0011887282307976432,292,328,0.30543677800005753,5.3693599400124565,6.85739278793335,,D_combined_17
7e8f3288-2960-421c-8231-7df5026c59bf,2026-08-27T03:40:19.244613+00:00,30f35fd4ded86fa69b477365a018696c51bd08bb,1d7150946fa3f3d3fb09c2bff07eaa138cbfdee6,combined_uncertainty,18,1.62,fr3_v2_2f_85,straight_insert_uncertain,"[0.30516111850738525, -0.004515394568443298, 0.38297733664512634, 2.2027194499969482, -2.129875898361206, -0.0323871448636055]","[0.30516111850738525, -0.004515394568443298, 0.38297733664512634, 2.2027194499969482, -2.129875898361206, -0.0323871448636055]",0.0,4.736426362228485e-09,False,1.639999999999987,0.03547820821404457,0.018481476539882625,0.005112822142406314,0,misalignment,0.2879616210007419,0.0072931714066751556,0.005881005656655188,350,328,0.33794495100005406,4.852861376229659,6.467310428619385,,D_combined_18
e6a83340-d43a-4659-9e5d-fb959b2b2b5b,2026-08-27T03:40:19.648523+00:00,30f35fd4ded86fa69b477365a018696c51bd08bb,1d7150946fa3f3d3fb09c2bff07eaa138cbfdee6,combined_uncertainty,19,1.62,fr3_v2_2f_85,straight_insert_uncertain,"[0.30541038513183594, 0.003981307614594698, 0.3819453716278076, 2.1428961753845215, -2.2536189556121826, -0.003330327570438385]","[0.30541038513183594, 0.003981307614594698, 0.3819453716278076, 2.1428961753845215, -2.2536189556121826, -0.003330327570438385]",0.0,1.1422106815928146e-08,True,1.6249999999999873,0.03161003813147545,0.018020136634292243,0.003122921424123542,0,success,1.2927893448064546e-06,1.1021138937092856e-08,2.992763491039805e-08,28,325,0.3279059210001378,4.95568971442667,3.7285897731781006,,D_combined_19
